station_id,city,latitude,longitude
UP001,Agra,27.18333,78.01667
GJ001,Ahmedabad,23.02579,72.58727
MZ001,Aizawl,23.72894,92.71791
RJ002,Ajmer,26.4521,74.63867
RJ001,Alwar,27.56246,76.625
AP001,Amaravati,16.514,80.516
HR001,Ambala,30.36099,76.79782
PB001,Amritsar,31.62234,74.87534
GJ002,Ankleshwar,21.63236,72.99001
WB001,Asansol,23.68333,86.98333
MH001,Aurangabad,19.87757,75.34226
KA001,Bagalkot,16.18673,75.69614
UP002,Baghpat,28.94485,77.21865
HR002,Bahadurgarh,28.69287,76.93555
HR003,Ballabgarh,28.33729,77.32633
PB002,Bathinda,30.20747,74.93893
KA002,Bengaluru,12.97194,77.59369
KA003,Bengaluru,12.97194,77.59369
KA004,Bengaluru,12.97194,77.59369
KA005,Bengaluru,12.97194,77.59369
KA006,Bengaluru,12.97194,77.59369
KA007,Bengaluru,12.97194,77.59369
KA008,Bengaluru,12.97194,77.59369
KA009,Bengaluru,12.97194,77.59369
KA010,Bengaluru,12.97194,77.59369
KA011,Bengaluru,12.97194,77.59369
RJ003,Bhiwandi,19.30023,73.05881
HR004,Bhiwani,28.79304,76.13968
MP001,Bhopal,23.25469,77.40289
UP003,Bulandshahr,28.40392,77.85773
CH001,Chandigarh,30.73629,76.7884
MH002,Chandrapur,19.95076,79.29523
MH003,Chandrapur,19.95076,79.29523
TN001,Chennai,13.08784,80.27847
TN002,Chennai,13.08784,80.27847
TN003,Chennai,13.08784,80.27847
TN004,Chennai,13.08784,80.27847
KA014,Chikkamagaluru,13.32231,75.774
TN005,Coimbatore,11.00555,76.96612
MP002,Damoh,23.83312,79.4419
DL001,Delhi,28.65195,77.23149
DL002,Delhi,28.65195,77.23149
DL003,Delhi,28.65195,77.23149
DL004,Delhi,28.65195,77.23149
DL005,Delhi,28.65195,77.23149
DL006,Delhi,28.65195,77.23149
DL007,Delhi,28.65195,77.23149
DL008,Delhi,28.65195,77.23149
DL009,Delhi,28.65195,77.23149
DL010,Delhi,28.65195,77.23149
DL011,Delhi,28.65195,77.23149
DL012,Delhi,28.65195,77.23149
DL013,Delhi,28.65195,77.23149
DL014,Delhi,28.65195,77.23149
DL015,Delhi,28.65195,77.23149
DL016,Delhi,28.65195,77.23149
DL017,Delhi,28.65195,77.23149
DL018,Delhi,28.65195,77.23149
DL019,Delhi,28.65195,77.23149
DL020,Delhi,28.65195,77.23149
DL021,Delhi,28.65195,77.23149
DL022,Delhi,28.65195,77.23149
DL023,Delhi,28.65195,77.23149
DL024,Delhi,28.65195,77.23149
DL025,Delhi,28.65195,77.23149
DL026,Delhi,28.65195,77.23149
DL027,Delhi,28.65195,77.23149
DL028,Delhi,28.65195,77.23149
DL029,Delhi,28.65195,77.23149
DL030,Delhi,28.65195,77.23149
DL031,Delhi,28.65195,77.23149
DL032,Delhi,28.65195,77.23149
DL033,Delhi,28.65195,77.23149
DL034,Delhi,28.65195,77.23149
DL035,Delhi,28.65195,77.23149
DL036,Delhi,28.65195,77.23149
DL037,Delhi,28.65195,77.23149
DL038,Delhi,28.65195,77.23149
MP003,Dewas,22.96585,76.05526
HR005,Dharuhera,28.20553,76.79691
WB002,Durgapur,23.51583,87.30801
KL002,Ernakulam,9.93988,76.26022
HR006,Faridabad,28.41124,77.31316
HR007,Faridabad,28.41124,77.31316
HR008,Faridabad,28.41124,77.31316
HR009,Faridabad,28.41124,77.31316
HR010,Fatehabad,29.51525,75.45554
GJ003,Gandhinagar,23.21667,72.68333
BR001,Gaya,24.79686,85.00385
BR002,Gaya,24.79686,85.00385
UP004,Ghaziabad,28.66535,77.43915
UP005,Ghaziabad,28.66535,77.43915
UP006,Ghaziabad,28.66535,77.43915
UP007,Ghaziabad,28.66535,77.43915
PB006,Gobindgarh,30.11748,73.64201
UP008,Greater Noida,28.49615,77.53601
UP009,Greater Noida,28.49615,77.53601
HR011,Gurugram,28.4601,77.02635
HR012,Gurugram,28.4601,77.02635
HR013,Gurugram,28.4601,77.02635
HR014,Gurugram,28.4601,77.02635
AS001,Guwahati,26.1844,91.7458
MP004,Gwalior,26.22983,78.17337
MP005,Gwalior,26.22983,78.17337
BR003,Hajipur,25.68544,85.20981
WB003,Haldia,22.06046,88.10975
UP010,Hapur,28.72985,77.78068
HR015,Hisar,29.15394,75.72294
WB004,Howrah,22.57688,88.31857
WB005,Howrah,22.57688,88.31857
WB006,Howrah,22.57688,88.31857
KA015,Hubballi,15.34776,75.13378
TG001,Hyderabad,17.38405,78.45636
TG002,Hyderabad,17.38405,78.45636
TG003,Hyderabad,17.38405,78.45636
TG004,Hyderabad,17.38405,78.45636
TG005,Hyderabad,17.38405,78.45636
TG006,Hyderabad,17.38405,78.45636
MP006,Indore,22.71792,75.8333
MP007,Jabalpur,23.16697,79.95006
RJ004,Jaipur,26.91962,75.78781
RJ005,Jaipur,26.91962,75.78781
RJ006,Jaipur,26.91962,75.78781
PB003,Jalandhar,31.32556,75.57917
HR016,Jind,29.31577,76.31502
RJ007,Jodhpur,26.26841,73.00594
JH001,Jorapokhar,22.41141,85.76497
HR017,Kaithal,29.80153,76.39959
KA016,Kalaburagi,17.33583,76.83757
MH004,Kalyan,19.2437,73.13554
KL003,Kannur,11.86752,75.35763
UP011,Kanpur,26.46523,80.34975
HR018,Karnal,29.69197,76.98448
MP008,Katni,57.98018,47.76721
PB004,Khanna,30.70547,76.22196
KL004,Kochi,33.55,133.53333
WB007,Kolkata,22.56263,88.36304
WB008,Kolkata,22.56263,88.36304
WB009,Kolkata,22.56263,88.36304
WB010,Kolkata,22.56263,88.36304
WB011,Kolkata,22.56263,88.36304
WB012,Kolkata,22.56263,88.36304
WB013,Kolkata,22.56263,88.36304
KL005,Kollam,8.88113,76.58469
RJ008,Kota,25.18254,75.83907
KL006,Kozhikode,11.24802,75.7804
HR019,Kurukshetra,29.9657,76.837
UP012,Lucknow,26.83928,80.92313
UP013,Lucknow,26.83928,80.92313
UP014,Lucknow,26.83928,80.92313
UP015,Lucknow,26.83928,80.92313
UP016,Lucknow,26.83928,80.92313
PB005,Ludhiana,30.91204,75.85379
MP009,Maihar,24.26594,80.76063
MP010,Mandideep,23.08166,77.53328
HR021,Manesar,28.35311,76.94036
UP017,Meerut,28.98002,77.70636
UP018,Meerut,28.98002,77.70636
UP019,Meerut,28.98002,77.70636
UP020,Moradabad,28.83893,78.77684
MH005,Mumbai,19.07283,72.88261
MH006,Mumbai,19.07283,72.88261
MH007,Mumbai,19.07283,72.88261
MH008,Mumbai,19.07283,72.88261
MH009,Mumbai,19.07283,72.88261
MH010,Mumbai,19.07283,72.88261
MH011,Mumbai,19.07283,72.88261
MH012,Mumbai,19.07283,72.88261
MH013,Mumbai,19.07283,72.88261
MH014,Mumbai,19.07283,72.88261
BR004,Muzaffarpur,26.12259,85.39055
KA017,Mysuru,12.29791,76.63925
MH015,Nagpur,21.14631,79.08491
GJ004,Nandesari,22.40624,73.09517
HR022,Narnaul,28.04444,76.10833
MH016,Nashik,19.99727,73.79096
MH017,Navi Mumbai,19.03681,73.01582
MH018,Navi Mumbai,19.03681,73.01582
MH019,Navi Mumbai,19.03681,73.01582
UP022,Noida,28.58,77.33
UP023,Noida,28.58,77.33
UP024,Noida,28.58,77.33
UP025,Noida,28.58,77.33
RJ009,Pali,25.77276,73.32335
HR023,Palwal,28.14469,77.32546
HR024,Panchkula,30.69461,76.8504
HR025,Panipat,29.38747,76.96825
PB007,Patiala,30.33625,76.3922
BR005,Patna,25.59408,85.13563
BR006,Patna,25.59408,85.13563
BR007,Patna,25.59408,85.13563
BR008,Patna,25.59408,85.13563
BR009,Patna,25.59408,85.13563
BR010,Patna,25.59408,85.13563
MP011,Pithampur,22.60197,75.69649
MH020,Pune,18.51957,73.85535
AP002,Rajamahendravaram,17.00517,81.77784
KA018,Ramanagara,12.72181,77.28149
MP012,Ratlam,23.33033,75.04032
HR026,Rohtak,28.89447,76.58917
PB008,Rupnagar,30.96896,76.52695
MP013,Sagar,23.83877,78.73874
MP014,Satna,24.57726,80.82719
ML001,Shillong,25.56892,91.88313
WB014,Siliguri,26.71004,88.42851
MP015,Singrauli,24.19973,82.67535
HR027,Sirsa,29.53489,75.02898
MH021,Solapur,17.67152,75.91044
HR028,Sonipat,28.99478,77.01937
OD002,Talcher,20.94927,85.23354
MH022,Thane,19.19704,72.96355
KL007,Thiruvananthapuram,8.4855,76.94924
KL008,Thiruvananthapuram,8.4855,76.94924
AP003,Tirupati,13.63551,79.41989
RJ010,Udaipur,24.58584,73.71346
MP016,Ujjain,23.18239,75.77643
GJ005,Vapi,20.37175,72.90493
UP026,Varanasi,25.31668,83.01041
KA019,Vijayapura,16.82442,75.71537
AP004,Vijayawada,16.50745,80.6466
AP005,Visakhapatnam,17.68009,83.20161
KA020,Yadgir,16.77007,77.13755
HR029,Yamuna Nagar,30.12796,77.28371
